feature_1,feature_2,feature_3,category,target
51.777010009332535,22.96841268164083,27.83684816626566,A,0
51.64655641289899,24.584472136856526,79.82931972091866,A,1
53.801978510059634,22.476398129844988,32.62539180411468,A,0
56.10585745283823,33.80027981844801,29.93833737053483,A,0
55.5979044793104,30.412198764672517,23.25059922078312,A,0
60.807807255546216,22.71224250267535,12.967897822423534,A,0
58.33922154548904,28.453954614750682,25.646306101676597,A,0
54.59180079228437,26.239217972047083,35.53197484738877,B,0
49.29834288541353,31.5958725520959,67.39942081457303,A,0
33.39039066484008,36.702252230115725,6.256484221945158,A,0
54.296182191325855,20.624137651771278,21.050693966534297,A,0
67.07687687163111,25.575130395737087,80.90236402916764,A,1
52.715788371953735,29.199336022166797,14.692192358377076,A,0
37.232514241796906,33.35670038225233,34.26451465225215,A,0
39.189434595917376,31.065983141188447,86.46589218581401,A,0
60.53152853332904,26.240153341305906,15.492531114344265,B,0
49.60444846143345,28.40473032166691,8.27368356181899,A,0
56.81500697372624,26.019870715982556,48.45379950800108,B,0
50.28318376130461,35.38003569299299,30.24195112785364,B,0
50.297561394957455,30.10655824335971,56.34083644838541,B,0
59.382838059759976,39.50595342876504,80.38048904834751,C,0
44.83955271782626,29.696695930926897,13.714848815274316,A,0
50.96120776940983,26.457966165447687,58.0699084554285,A,0
45.377247112949576,22.431428036935863,50.550876038986395,B,0
45.65503772567684,20.984301618720274,14.407878601319958,A,0
46.908278765313604,22.079320284972553,62.39984855289824,A,0
52.22133771633713,31.335633255057417,27.364041786077166,B,0
45.212513783365225,32.54362511614967,48.78343185440125,B,0
62.55756125573521,22.094046489839332,8.227232427706188,C,0
41.05392697780496,34.475191570380574,45.958405721362304,C,0
48.13128355838641,27.5846947415828,30.646346804282032,B,0
45.60268941725825,30.733965059927748,82.23812111853543,A,0
64.46977884353733,38.06110314127712,5.697872699736828,B,0
51.965547765115744,34.48419657932766,41.860727491832996,A,0
75.31844539468635,23.657346760470837,45.8431424131438,A,1
35.14439626963028,25.544038872923565,72.50060762991187,B,0
52.67050265869259,19.240922993353475,57.428757509021096,A,0
58.89630795623437,26.4042334037879,66.72123371941811,A,0
50.82283989275424,28.944348805861527,77.7049285651756,A,0
60.654803750653514,25.06410236424408,86.22029736581888,B,0
44.82711549899628,29.343715164538477,31.38754967224705,A,0
64.0934744018558,30.384259414793842,53.802270536390296,B,0
72.9889812361925,28.875720090959607,84.01080784391999,A,0
46.37161439560341,26.7499870958827,98.94511309650565,B,0
45.54497478599228,30.84327335983364,88.95193110437631,B,0
64.533844771177,32.209703247847045,37.14672626243768,A,0
65.79572145730712,24.548004612785768,19.516651721865042,A,0
44.771399728467316,37.054661898731354,48.93925374065887,A,0
45.798131829041424,29.507059338578692,74.16414518360422,C,0
47.18215391139493,30.094248114724238,49.25690707532976,B,0
51.555494889657226,28.541072116282784,48.31808633136685,C,1
40.81348053515802,31.166080656317508,83.82304210818006,A,0
39.95859233247932,34.76568316956622,36.14037790671863,B,0
42.32202434895871,31.43562082600912,85.97946748116456,B,0
49.65315112613219,26.93781312679781,40.680480095172356,B,0
52.342147325365204,31.80751762603051,32.82331056783394,C,0
65.50500492814076,24.28136896339669,45.3989911199699,A,0
40.016459592612094,30.542798528882617,76.24469586748684,A,0
59.843223984765835,29.833850046777695,12.600202786399429,B,0
47.86011155774491,28.959415713637302,19.64192158720174,B,0
49.50536290347567,29.357312442805345,95.1444825663092,A,0
56.74819492166604,20.590754772511804,17.54916273813574,A,0
38.772779784377015,27.256375461295193,56.77273179310546,A,0
53.82409746184051,30.464224505705573,57.931446666193786,A,0
51.66452208213056,30.799281959987002,48.96244620502448,A,0
54.92451264008149,24.86162429537021,64.47452485768186,B,0
52.89168643907818,36.328539204323505,22.982672579761843,B,0
74.55300139910895,25.669125758927496,55.266226777674824,A,0
43.62260015748684,34.84728600263368,37.21732552468971,A,0
59.690030449981826,27.135971809358423,66.1667259629189,A,1
43.76859473575236,26.768863450780984,14.122354337314945,A,0
44.44522880839745,38.87655446304756,57.08774168394763,B,0
43.62612872693482,24.0318158412176,18.52703553833237,C,0
61.89016531107552,34.59577086805001,27.86430631150364,A,0
64.20504247989855,35.00291159021489,21.87098003235832,B,0
44.29253706250524,26.646898954616777,18.28377798688171,B,0
41.67644426895771,36.962326500321645,82.5710951560667,B,0
54.71415556386404,28.749767427005235,28.570756766089033,A,0
44.477769557190285,31.443468146399287,92.71237818644494,C,0
56.32931817755511,31.301609193856102,96.99265253451908,A,0
52.029230208513,29.32845629264726,57.126046993709735,A,0
34.84255885002768,34.05404136579891,14.30011226657264,A,0
65.47505201330061,33.967443602761065,37.45482433795813,A,0
67.95877673095522,21.257340133809095,79.7732263348214,A,0
43.87211309515614,36.52170121439076,36.739072869707044,A,0
46.122984400640156,21.68754005982163,8.701721830278874,A,0
52.85865390724905,35.16273102170829,55.678491092818795,B,0
53.34456789987025,35.633525684137915,84.51208514960348,B,0
56.5854427267283,24.54516784892401,79.59263871435024,A,0
70.1020453876635,27.945928560227077,17.512314013035322,B,0
48.2305277250595,24.47147665757032,67.27646144124667,B,0
42.01702755461546,28.925394848556323,22.05042634356471,B,0
36.20680771985473,28.459828579071292,21.820753455217222,A,0
42.69069960058081,33.8983026613467,87.40717733051852,B,0
49.66873027126203,36.55154373059804,24.966895274023017,C,0
67.94557863517788,36.97841905394978,26.32473465180112,B,0
44.823887009638284,27.18915986710849,0.06533907612995549,A,0
52.237879516388986,28.95389063127736,87.06690341255177,A,0
49.83577103927248,21.58280903889525,79.25948132091347,B,0
61.88393273448084,25.970649667519055,62.7328935090678,A,0
75.26932425873622,34.82425816548729,75.02657639388423,A,0
44.69131227079679,38.07791411774116,15.20485674244918,A,0
45.10560557481778,23.82825564060039,45.832359458757544,B,0
60.44160877069072,27.037678704235528,35.121938734878086,B,0
56.81891489626312,29.867971215205365,9.37765262570165,A,0
68.46707325736034,31.400805794098034,48.61304852149241,C,0
55.839281853259635,25.95198240039177,92.07396503426354,A,0
46.40707909212941,32.12030522232045,4.005911905069448,B,0
55.90654830692309,27.63080326464542,29.14609134937939,B,0
61.087035805829075,29.927738645608603,20.754093620570345,B,0
58.204821811973645,32.7314212400185,23.81466536656963,C,0
55.07274031107298,30.032111349054688,90.84345518793752,A,0
60.666746895891535,27.818070547367157,46.806905423429015,B,0
61.692955904456724,29.451950980370846,46.62994129398188,A,0
63.82158991037527,29.558185203973323,76.05756424552823,B,0
56.48709887589643,28.14994485058936,15.44922040049258,B,0
48.328819196831454,28.706019686664487,48.72653541000508,B,0
51.46713686433323,37.99323585252358,42.99852141210597,A,0
62.06508966508357,32.8045972397062,59.69106905466561,B,0
41.83064329012764,28.522598409854197,99.95577032504386,A,0
53.686733088729014,33.48477202255368,76.9448894082047,A,0
46.06661187672639,28.33090255121995,39.78657030174272,B,0
50.28744822934817,35.86562318793321,82.75530522740469,A,0
62.78451862607299,31.84821096099047,17.070836331248017,B,0
51.910990680199035,29.463489279978855,3.0463686308960125,A,0
50.46436548156149,32.23858462905139,20.444837246427305,A,0
36.40143859020081,22.145619239657503,34.041155611425964,B,0
57.46253566027221,24.366162655450974,51.05807574595599,A,0
56.45484181141075,24.030374968004722,61.51291405411998,A,0
71.6325472330546,30.714715473818533,91.06057172144217,B,0
46.92221765046999,38.66257499742546,50.98540095504577,A,0
52.19150327663939,41.15650073096316,50.127564462572934,B,0
52.49383683710755,33.19025550720379,5.024300982298213,A,0
65.77453279763475,32.50422237472228,3.491155265622381,B,0
49.047044676130476,20.994711329236303,55.11599619163721,B,0
52.790215257703395,27.28663100132989,43.81786132483445,B,0
56.078965097165394,26.061081240458805,83.91803949802986,A,0
51.86609123156358,26.89576200874442,16.067958471184518,B,0
45.535663854494715,29.159280907076052,2.49716621170496,B,0
66.94089992898307,22.639547111514364,44.903876793012586,B,1
75.73631749859771,15.10350094812106,23.74785567522575,A,1
39.7348470058894,33.73955128058767,4.961437333883745,B,0
51.32969674146876,24.636284871300965,72.4598286847629,B,0
42.99879185060827,31.196234320555746,11.159299995724748,A,0
61.950466289248425,40.370413348749864,60.83195000077717,A,0
34.76813095216225,25.403077042067885,28.104975016688915,B,0
44.410781527284115,17.348562386268352,17.3496050355022,A,0
53.772118750645205,28.569978890599447,37.97515229193175,C,0
65.65524029234341,35.50479817499286,80.14457762229537,B,0
49.34249738927012,39.79173727110297,39.20935769045727,B,0
44.44800473306802,23.852252027737915,75.07696492110557,A,0
68.8115706944059,32.48349611618261,12.548629679915068,A,0
35.51986099583756,27.673447716099734,77.27714196650791,C,0
28.011940433799182,29.47025822847932,23.693332490664865,A,0
69.40014450053332,38.221716735085174,67.73931298888728,B,1
44.97945775647389,22.485148358024233,56.57815548409963,A,0
39.787671828692865,31.268698307472867,92.91447172116874,A,0
57.08356447299353,32.33846585882716,38.732251797531404,A,0
52.43800713771199,35.42893162469674,6.616518883444044,A,0
44.359213692632714,30.48991576735448,1.9155485551252904,C,0
37.19695601329106,31.54025269752051,82.6858560972753,A,0
58.724573282801444,28.041757162891045,52.473563766143215,A,0
56.50201177958661,31.345634706225535,77.52440518349492,A,0
49.00824136220617,28.28403862251295,23.44256000115147,A,0
68.46636996047665,33.107859449280255,34.50837455132337,A,0
39.29915233673847,28.15194831978183,3.010387221131894,B,0
34.74474829075261,31.885501969510933,96.14923245741122,A,0
43.080919301187556,29.853685931575107,66.78679067008134,A,0
49.54413983644502,35.63025125386084,93.32050877593062,A,0
52.43339449322692,29.74303138205757,26.549640742907233,C,0
47.5876394214367,21.134837658965594,61.146361122566084,A,0
53.520553965142966,36.30960750356996,67.84999682926379,A,0
37.48460575809556,25.471338495686904,31.754970025758844,B,0
64.4376460407326,26.7311683067559,84.81092350156301,A,0
49.178488216074314,27.02169352978254,94.71614629002478,A,0
61.172958315881274,36.87219046585409,88.48551176960044,A,0
53.42725346377704,19.32162893010652,73.90669759393725,B,0
54.567532191537836,45.688742668299966,27.746467972495402,A,0
55.69767280232204,35.28028404533026,28.161604210563173,B,0
54.47708560017315,31.1161945706458,96.3360320446038,B,0
56.42722759867544,29.725529996918567,1.0284495935692028,A,0
63.29152530132431,31.427770374288286,71.60499732421445,A,0
51.9652116970147,32.60561214189669,70.62461625552622,A,0
57.09003757588512,33.22607792975028,62.26895409497975,B,0
49.102643057127736,32.778022330017244,99.01088460868658,A,0
64.40117215449473,30.447903406276243,31.187943576372522,A,0
43.2360769794073,29.01330789846337,33.997186379324816,A,0
68.00940432910815,29.243633581732443,7.893940294655555,C,0
49.59842049355657,29.025458598236597,44.27981365437375,A,0
35.69224897881952,35.66885048433532,26.10485262348481,C,0
51.28104414910789,32.96778361140431,34.338670217764424,A,0
43.18948342525119,15.298056826678598,83.45717902556277,A,0
58.406435489887244,33.279503882648804,93.54845135274957,A,0
43.47376020697609,30.973680973593876,18.573307200518563,A,0
45.538165667852205,29.90645621777051,37.25089315534659,A,0
31.104592690544692,28.05740773455557,92.8630562115394,A,0
45.47693680750923,35.620563599930065,6.180846068922263,C,0
25.761206733710434,34.73763231061429,9.236052811137851,B,0
34.16097176514277,26.135611660881956,16.279098920622936,B,0
57.604146561442974,32.03526143562267,59.521283412687474,A,0
57.85800158650832,25.14171632729357,15.047227100599747,A,0
54.254575617849646,23.101909176055347,96.80763814507335,A,0
40.33023856870787,26.866413877050174,44.671452725852035,B,0
49.5228864385802,34.311967361913794,50.15179603501664,C,0
49.963974609094315,34.76562522688043,24.66586158054065,A,0
38.416353108074574,32.56542710048647,47.09602524347335,A,0
65.0339830176715,33.625478934239986,66.19136326370115,A,0
58.77362290575671,32.58089143557479,75.11771369540428,A,0
47.79035826170336,26.792592023885238,75.3868082709913,A,0
50.26885838994531,32.159612723369705,57.789111269408835,B,0
52.08382807947552,34.00204762613841,90.43597749938573,B,0
29.582651315757094,33.77145664906787,81.74078473061094,A,0
47.52822617479403,35.94456685737322,75.70481146986255,A,0
43.180157520022014,33.54151923600532,5.560552168046062,C,0
39.983799901050844,31.757241037707914,0.6877962219649314,A,0
47.18899707114045,35.350751191582134,21.244727719547296,A,0
67.97686526849523,29.8673937037547,66.35235939134523,A,0
56.4084286126701,25.59062674386141,41.119748888254584,A,0
44.28821010217203,29.18466518028118,40.24062592993117,A,0
55.72582781356159,26.275486775967757,88.45868882296138,B,0
63.99355436586002,26.62410862512809,89.55628481318388,A,0
59.246336829127685,29.27740664642241,90.91752640535857,A,0
50.59630369920174,26.037900395000193,31.38780765150273,B,0
43.53063222294426,28.4601923518048,69.10558127392618,A,0
56.982233136135896,20.531926665231072,27.163318127436963,B,0
53.934853854217494,31.066468536864694,19.060983307444978,B,0
73.95193220027733,25.006027376811122,18.463245734736923,A,1
56.351718016819696,25.914556844659046,34.2107620863594,B,0
60.49552715319335,33.296228342162024,42.99576197798217,A,0
44.64764788439432,34.68785068813279,83.09491710550684,C,0
63.173940656343255,21.962200678155128,11.98910934727121,A,0
51.975996046923996,26.18637610716893,73.49258473948942,C,0
70.75260872625265,26.15428825106351,53.14549141893053,B,0
43.10812181910432,25.300484494455677,28.794534267599246,A,0
67.3596380316525,34.14737420965874,49.281958453282456,A,0
51.979107834626475,29.030869306135983,29.994206977702266,C,0
43.48581996385552,28.677425793446947,59.608195523830595,B,0
45.16114165945678,19.980688177966233,43.38439228552442,A,0
46.7965269180568,33.17709015104613,16.440552907887874,B,0
54.241659464019165,23.80370802573264,11.658307455569672,A,0
55.228354880355,30.299663151331643,54.66956820721302,A,0
59.26299996061421,26.386884689790957,90.24130332861034,A,1
49.756454077390174,36.80329297919326,34.395768655768556,A,0
71.42270358611864,23.45589800440444,73.30001072226231,B,0
67.27543170100711,14.902439220895873,65.8661354939767,A,0
54.36323669674032,30.919247723768475,93.1554914309481,B,0
50.380034781682,39.00255590755427,82.09810172991409,A,0
66.20031326718262,31.19473176469719,56.660525890546296,A,1
71.13517972730416,26.048297076373128,65.70304982341074,A,1
39.77207434801595,27.541819071839765,89.83864665840349,A,0
47.42623462576655,34.03561298318655,39.95187845869348,A,0
33.314159261224106,25.132269001477656,32.679470585777736,A,0
53.992231226052795,32.3817888467811,1.081108363519634,A,0
56.47195939702741,32.52735079583314,82.65510741914642,A,0
45.16813537700626,35.3010495374944,80.0980700403365,A,0
65.73986763290033,43.79830019455539,10.445451810015138,A,0
37.74234336997659,31.962079835893835,57.68573811327003,B,0
35.3562511979018,27.455181871462507,46.398169816688736,C,0
52.24451818559972,29.87212843904003,11.870909550911147,A,0
60.470983026121544,21.15462047555441,98.05682270607235,A,0
66.83927691457869,26.52643434455471,21.469588746335543,A,0
60.4111573713106,22.95358780943448,6.723418009056115,C,1
60.78680833431296,27.379558010327038,59.48473795019096,A,0
49.61491530499293,30.76177436016861,73.88666771330327,A,0
48.273727000591805,25.887900338088997,3.2443446047186963,A,0
58.83659937486672,35.60515333662236,65.87176387270222,A,0
56.5232287841342,30.001035324590987,53.22918759514545,A,0
34.236078430157505,29.953498394306926,10.326500887504842,B,0
64.76540349725896,28.36052641743541,17.252387694636205,A,0
63.800913541474515,30.775953419294897,56.79742973160805,B,0
43.74437298490471,34.125491323338174,29.63576135132884,A,0
53.95803533437409,25.664348921445498,93.8315728651316,A,0
54.94030186282739,26.709417554623716,81.87402294840508,C,0
52.60673765823907,28.481369856116675,98.3567206513663,A,0
44.4969484615458,23.270645382633926,25.967083895041398,B,0
43.283766320619485,25.903710701392512,96.9723632797977,A,0
49.744459290085544,27.618895632276704,43.12338697915579,A,0
61.72729019259364,34.371945903563635,34.751879531375465,C,0
55.43600154594432,31.312806645009626,5.034952696935324,A,0
46.29385667913894,30.967949556837723,5.276525785960262,B,0
57.716987106483444,34.25448981083986,69.20112559466547,A,0
21.514573793699245,29.313141058003016,45.79289944340279,B,0
61.48765700372103,31.952324249644448,22.65216260361057,A,0
32.60286221221901,29.48389123533752,61.39703063252326,A,0
46.37559058596868,31.326811746998143,25.285811825011116,B,0
38.803301053738565,27.08620671194209,57.76317543444226,C,0
37.053185242790946,17.805914208617857,35.92087469826903,C,0
61.608267873785195,29.32860418906848,82.3552226611819,B,0
45.32298798688109,37.1137406804997,82.06961607667793,B,0
53.46503881730716,34.631077011207964,47.73503981224013,A,0
49.53079421120816,34.82698742295585,35.08191093350156,A,0
54.770408272231215,36.18065360903109,36.25597965590946,A,0
50.768218910602556,30.443287954807186,80.57145256682179,A,0
37.1700777581143,30.986578537027977,32.8179482797612,A,0
59.9626681944714,26.91174052282825,20.9059373706846,A,0
45.06243416838687,28.41963571986475,8.468834187530682,A,0
34.434181013402494,33.07885574885571,46.66931208844084,B,0
45.718848390340874,36.01942218584408,48.213209891984185,A,0
65.00759790634311,29.302768621595003,84.09087104029072,A,0
58.50221742113493,27.749053675742942,22.123869644606398,A,0
46.51347865592141,30.002639794282988,38.099127366839994,B,0
46.50742295681571,33.00603374464558,80.8405738893691,B,0
46.783649487826175,22.78072591933229,82.36236107489735,B,0
70.76747983560841,18.51909523431381,38.46110759787682,A,0
53.819354522315535,27.247315752542082,45.91240232866809,A,0
69.3004164719107,18.896437870429207,30.328589084928293,A,1
60.30283454031842,27.459299011763445,93.2554878419312,A,0
52.387891590265134,29.26109840591264,11.864376574158031,A,0
47.40957854179297,27.733757954884933,93.374942300147,A,0
48.03650150915022,37.26233767235372,68.38664518353433,A,0
49.283987405859364,31.6337238230116,53.15721526867312,C,0
49.627777634901584,31.502371798054142,3.2659060784495875,C,0
57.2762954363698,33.11103572021701,47.55961918220083,A,0
65.519458858073,19.305834411096154,40.774810500273226,A,1
57.32640077215579,35.195558937101346,16.121881197512256,A,0
49.19283419891418,29.6211785673227,65.6409603500657,A,0
50.786351903160906,33.35240308620606,97.11509073682858,C,0
30.017993154678923,24.64071383479922,56.218881106452514,A,0
59.16327674702482,22.23120616991968,71.47532764439458,B,0
53.46488475897993,34.08944829012514,6.845045256601678,A,0
59.98010109859652,31.882047630487584,41.76669958169947,C,0
21.037446218063106,25.48974222821245,11.635848516449588,A,0
70.88374704780728,25.651684593626527,61.27958355365104,B,0
48.604103718448265,35.62717392207385,93.84821582141547,A,0
76.08182816737516,19.05294053566336,66.17777324716386,B,1
39.60094072874469,38.21336476627982,7.680304831442153,A,0
56.1277390506257,25.496896326760655,35.466620498508284,A,0
39.46584436826344,33.191959628041914,55.066337944085156,C,0
43.76231039304195,28.356907621255075,40.320775613325225,C,0
69.14031353866787,33.01593715541171,83.36440104751723,B,0
48.09317599236653,27.279429989429037,81.46710047099891,B,0
52.17432873179723,29.18603546963853,61.183102010322145,B,0
58.70067730688754,30.204595876978605,37.345794513270526,A,0
54.95681887972604,24.989062721092637,25.533637376324414,A,0
51.504189051435766,33.70412172710063,10.587431821312931,A,0
53.64961002466225,27.433932167642073,35.4897683486554,B,0
74.03415585238275,28.857000423299908,41.31725172077195,A,0
49.42381202966415,25.028253126957438,67.58229251040736,A,0
52.010990467149675,17.188331706023448,65.81598242975734,A,0
60.50654396007612,29.044861186999157,7.0108139641256955,B,0
61.05525932957984,42.063077108064576,39.525931543115775,A,0
61.8703030556038,33.92302143949012,18.177886721736193,A,0
56.38730222029184,29.903698101328025,15.68127053168057,A,0
38.569950872695166,28.68554585395866,82.73021497372459,A,0
66.33431532301096,30.11232946406023,4.191521671625753,A,0
38.53654606981312,32.73559557587605,41.91828759021213,B,0
53.02635465239033,24.095935923455777,16.82036557665182,B,0
42.45724149980642,35.57160847334436,87.9330215678474,B,0
49.35861653407007,33.57690657720622,55.704051327503514,A,0
53.2876241030348,33.59092862853967,23.1380636376848,B,0
53.21357215450273,32.192378694048635,50.24272871663764,A,0
54.21920754235285,30.09808328846995,73.14863597031159,A,0
66.13711269058646,33.3643061798341,95.81180089194338,B,0
54.5353430151398,32.95907066870689,22.044600424541894,A,0
47.558433647093516,28.22979644529488,88.61817721293451,A,0
59.64087168288357,27.131991135515495,93.43041141674902,B,0
61.894704889246405,30.509281476309933,91.64205445320663,A,0
37.72392184863008,37.74510075747594,63.54143568619099,B,0
55.97400069849858,23.804464621730496,62.982065443470766,A,0
57.01172742310898,22.662373671237802,40.32106331838228,B,0
47.02436496640008,30.823804206182583,75.23978823037879,A,0
63.75706813311619,30.25443850928009,53.12940183509319,A,0
48.499444129674735,30.86670832185204,67.74380712282945,B,0
51.255764534715425,31.219765989542502,42.84579038487954,A,0
48.2692817571613,28.883988726825976,73.14964640431391,A,0
50.155790475814676,37.44931719301041,82.4471517604549,A,0
54.037249131047986,16.99548010761742,14.64362566028161,A,1
35.59949117405706,25.85751487609877,83.2929715574228,A,0
65.94505063224972,29.483726199254765,54.029653179030724,A,0
41.53038651681672,21.784055944229163,84.46659090902243,C,0
40.08607650543693,29.120727977839643,43.13017063410146,A,0
28.466098863962852,38.30735082864009,37.904048538303506,A,0
43.610382523104974,30.10443244147981,91.50607325172224,A,0
36.76910206592502,31.153504528593416,25.11692675484013,A,0
66.4201516013637,23.6991761741371,84.42123252861431,C,0
60.09817089342634,26.918192959802614,48.40205725094041,A,0
43.118496548222765,28.124018098380315,51.40954425512597,C,0
72.52435805344308,28.41142451621883,30.8468281489484,A,0
59.81765486991594,36.40821897501884,57.30422006190157,B,0
46.75168616491378,32.788455303625625,32.52111962762113,A,0
25.00594285126427,24.44271021531484,3.926941424165231,B,0
72.90942572590743,31.232523892160025,27.199860534435604,A,0
36.10427533236404,32.491108742483924,0.6379043406590679,A,0
33.546012530431085,35.700745192606334,97.83547870568566,A,0
60.225704320096405,37.90270343284187,96.57472098197475,A,0
74.39752406339272,24.924529040860655,39.5155297472305,C,0
63.84272818510518,25.94571244394831,72.8370854339646,A,0
55.639091200523595,23.71211070542692,34.580609841042495,A,0
55.94754341665286,28.829900704465093,67.1093157085976,B,0
58.53415558780308,32.331791872231676,80.54300430459791,A,0
72.58928589786765,29.936672582945512,94.67562446922408,C,1
52.811914239693756,29.620244881787386,40.0212275849672,B,0
51.04201103951876,28.40076238372578,78.32979829560477,A,0
49.374068721004775,30.758789961243703,26.59284506321188,B,0
42.46035411133324,25.824285491849885,99.03323037936484,A,0
47.19324923133226,40.44769360847387,2.5769598764351143,A,0
33.07043185804615,21.961694864409708,60.3528806501121,A,0
49.0166037320525,30.923702894478623,65.95059816513272,A,0
40.11408892849083,40.1180310961482,68.80455570741289,B,0
38.964106827842286,30.033999222799988,12.038757878908902,C,0
51.798941511534785,29.049804824992528,93.85297834731304,A,0
63.92002286344599,28.212772885947864,18.11832790500828,A,0
59.183166060023126,29.09804159118796,62.27534032398411,C,0
34.29499396376823,36.86424237338265,22.267607912308495,A,0
40.10371863429663,18.940690443352466,30.72164170212709,A,0
59.40771187988216,37.66716850648163,54.645854172812435,A,0
40.175126064616904,22.880214237749275,41.719341856457646,C,0
47.753668500029754,28.666738353827927,16.02256009765063,A,0
55.50052099024552,27.853777898506692,17.093640242084827,B,0
40.31655545136365,32.942766348853596,41.814478816279966,B,0
51.0537550614596,22.009378240581263,75.72829782755008,A,0
51.65974505081795,27.310863330409717,89.79646468477885,A,1
58.98632356048786,35.12154811643426,8.412766225938284,B,1
53.19781934142537,23.184129977035948,39.310390755940105,A,0
34.070062664683306,30.94853083805198,10.024556372287662,B,0
54.40474737960399,26.690089111016956,1.6592480632597884,C,0
49.803622010733186,32.12943603096518,66.17186826439566,B,0
55.524899544171475,30.09573888707876,60.24494419665878,B,0
52.23914134064661,26.79256545477845,16.301911381488623,B,0
63.64140429973844,32.43936142435537,23.38128330930641,B,0
51.25224502647907,39.021740548933714,2.370775364451838,A,0
45.70594458874747,29.045481041363505,83.49472056944037,A,0
51.222975030322836,33.59878971074091,97.46905960485515,A,0
55.43298029036388,23.53363521064418,13.545953679469081,B,0
50.48860070325704,25.217818115909957,23.147521376529813,A,0
50.405916912038826,32.362031389401885,86.8409523946934,B,0
42.980083121932445,37.420580142679825,92.64637979561849,A,0
43.37099082449052,31.7780667439283,41.96273828068103,B,0
35.97394728200307,28.434709847384227,5.062247226907413,A,0
67.4957674318694,29.99645702711677,3.93918336928194,B,0
37.56136764608715,23.747961330151412,57.39498660690104,A,0
43.07094802204092,33.022576631776836,39.2895108893179,A,0
42.81592734430802,34.41166531161704,2.8652427577654516,A,0
58.949243769444415,27.7395483358346,58.32523923125568,B,0
47.05050321707972,27.649789261202493,1.1302536589022472,A,0
62.477420726737336,31.329391148260243,78.73719581492729,A,0
43.26509375756132,27.816401319797023,30.643282270337156,C,0
52.78994162223802,29.669336926870887,4.02580030092321,B,0
41.64652946740243,40.49860894583258,58.835222098315334,C,0
71.45149127773388,28.76487149627002,39.76844144330547,A,0
38.12401580970487,28.20829923989389,97.38004133571495,A,0
68.09820710227027,21.762290971824203,54.41986625037022,B,1
56.337768809320984,33.720959857499686,27.52391810370083,A,0
54.137990974514985,29.093879133909486,70.94388646339748,B,0
48.147123411222914,26.753134808392872,27.149200254271133,A,0
48.70179300266574,36.60652016136506,90.42432914075651,A,0
65.43811471979109,32.098015022568184,37.47219705073764,A,1
48.529979983715116,26.997882171306475,54.98685627762052,A,0
59.638791167949094,20.66730024319692,5.0573103824228856,A,0
72.10523001591352,35.03756844918461,42.61212379522308,A,0
44.425082149921664,26.57685087119998,83.2363539660995,C,0
36.301970204209226,33.953127995813844,80.56488053633419,A,0
49.117179516487454,20.149480911440822,22.431855885352626,B,0
75.79709337654319,34.462986691496546,22.60790710105627,B,0
41.963254320302696,23.944140353596094,81.73053122132367,A,0
66.39116805444067,33.653820595332625,93.03984201693255,A,0
66.77700814076441,30.071365339182172,9.536092127300355,B,0
44.46411758292005,25.230302903016778,45.005863942622526,B,0
55.689830791852756,27.964818435366098,33.745427896422896,B,0
66.28396623128538,33.431592284783505,87.06884554574394,B,0
46.20872259012513,30.52947226557617,8.352491468001876,C,0
47.964196398976384,32.92206490236242,21.112594255803742,A,0
44.18319086051356,39.88220292257743,75.24683375864943,A,0
39.852432693071336,22.178791941444743,5.129384898121558,B,0
58.50722454933993,33.08606287484312,49.25353807142893,A,1
37.760597332377436,30.521779687616064,44.210703467972,B,0
50.34083468259226,25.50607975838436,33.44011789887487,A,0
42.30026768941358,23.348431871305053,39.457231531892376,A,0
52.33785911790748,29.054398046114834,52.99405869302329,B,0
49.44104353796373,29.6082505596223,16.136735838838312,A,1
53.30880232214457,29.362254398112327,57.19958782835928,A,0
73.33528961608926,32.55577465123674,80.54323292999864,A,1
30.062643574285445,22.744121549742204,76.01609297901591,B,0
53.74056569847572,29.939555260769726,15.389990469377368,A,0
62.27668992473292,23.738032777934404,14.92494697414739,B,0
52.90358981308795,26.81815941312484,26.817436774491334,A,1
66.72572386837703,34.4344369504865,36.10747263410372,B,0
54.190190093660455,27.896191031594732,40.84555814084826,B,0
57.949881442415915,11.97893071686433,67.96972168333453,A,1
49.44230922342294,30.99474073398247,5.66804321658354,A,0
55.58326912521722,32.18369275866755,3.4672704226066386,A,0
50.760053914124114,32.02147377480849,39.191056294390904,B,0
55.387559924463694,36.17891095911077,69.71636921379805,A,0
40.79326406920634,24.644731601754756,19.343534295648258,B,0
51.69360824036078,33.40108052725225,64.15044812562518,A,0
35.8628550309502,35.962537562389876,25.982813794029948,A,0
48.887739386513,21.107062079967417,88.60861088135164,A,0
40.960923585352106,31.598259129594886,89.56899442666165,A,0
57.64470057410233,22.479100844961643,29.72872042813265,A,1
62.36093175210438,29.59238663449177,22.99937539632405,B,0
60.91310120594269,31.738382417691682,41.13039720662313,B,0
56.09138120907177,27.56385717943224,24.05315851801487,A,0
39.07687235327421,26.62145960419194,67.23838432917036,C,0
46.83591550305198,30.170762087440124,82.60646845482856,B,0
62.130976999791834,24.563770305685985,67.3092130911217,C,0
51.417169136399046,24.570874355574073,82.43504472493495,A,0
73.19329539981695,33.396866414782515,39.69921622074742,A,0
53.93317839394372,24.25602982420672,15.631697070886085,A,0
66.92049116490031,28.331562504546056,73.79509473975922,B,1
61.908835357974986,27.312956464269753,36.047450514155386,A,1
51.33540904782282,21.370966356047017,67.12708252291326,A,0
48.47530163619456,26.612176738321725,27.064394198176565,A,0
57.0810867668859,35.97054701523686,8.122963480667266,A,0
59.56702316794584,25.09417234430159,99.25817954877634,B,0
42.140105394920504,27.677978688453063,15.620150793059928,A,0
36.68767046442222,32.31030446625948,98.8420993963481,A,0
31.637946268967035,33.91695254641298,97.72799325664472,B,0
55.079913269125434,28.74230556977752,79.38181039080396,C,0
38.966333938261265,27.01244902654179,65.94229620819976,B,0
28.47109407047517,37.11184930849254,57.78070502510847,C,0
53.885786045309644,38.6944983189879,86.61015453778347,B,0
74.9299951743279,34.89429025390898,28.943952161948793,A,0
49.939290884601064,30.42659071282512,46.7681212484877,A,0
58.38490774451642,25.95867139179537,61.93899693665019,B,0
50.81829358547565,25.847777967217173,41.11904758694911,B,0
49.01110346808857,32.61257052632879,42.7486454090268,B,0
59.190764829877686,32.091991104443416,33.02846675020844,A,0
47.097254558113484,37.007992964732146,56.4231816684536,A,0
67.67392314071903,28.252250462680692,85.0574528015116,A,1
53.216978061960134,22.48459849120091,20.152837800631286,A,0
43.31909546356951,35.25973808861459,93.44330387534414,A,0
59.92042349536523,25.009696863427934,68.90876537482296,B,0
63.25040243304591,23.08014364023824,82.32732126800302,A,1
42.442548405071555,31.251001031258472,55.619069263001165,A,0
55.365098435704034,39.978337448919824,77.95167014240634,A,0
41.015320182089624,45.549592780026806,1.620039733946721,B,0
50.281811573691286,33.03361529568092,81.83804247795352,A,0
49.90881003355796,29.084016906398062,4.013885908536652,A,0
60.85895565831578,32.67252824240275,88.99133763628625,A,0
54.746982328799525,34.43827712936918,99.19627472386433,A,0
49.74973041254856,28.396661872214043,29.40674621767778,C,0
73.17766299200287,33.97605677956161,21.031855628579365,C,1
78.90207549017313,26.15035379595701,76.53633638580408,A,1
55.578103063518626,32.48871544545697,25.302634092025322,A,0
50.103526198433805,33.329621260272305,86.55623831722035,B,0
36.8816376764984,32.10793305307228,10.28425921574767,A,0
39.348863369246274,34.194702502348065,12.595519637935826,A,0
46.94775295645332,26.913734067265384,97.91515551006155,A,0
43.90487797840717,27.208491230269846,67.38388982700046,C,0
48.13028697014554,24.499228835141526,84.68872244289528,A,0
65.56649924897107,27.19750615310113,32.4329377351518,A,1
55.29692754356731,33.89468251756057,67.64837495206044,B,0
49.29501221940909,32.28886433075943,59.42418273085972,A,0
54.86501643826202,38.37246216673769,60.3150120122947,A,0
50.6447441481012,29.97201990585477,68.25324595377215,C,0
30.245334336461287,33.34370827796256,57.53591731290986,A,0
40.606646061812455,24.54149561930343,42.906236930266594,B,0
48.55912444278385,28.064501487627997,27.592269438054686,A,0
37.90305257158892,33.47768878782889,76.8581330913202,A,0
55.99928729996205,34.24551055371572,22.62724300031862,A,0
65.30750832343698,28.530165261679088,69.23543061544142,A,0
62.18761851697317,29.642003740709665,23.333282264932663,A,0
47.86557129069792,22.410631266595953,62.53301699544539,B,0
64.90726136849952,28.214853995966955,74.70782671290289,A,0
51.486674572021116,34.45191581759893,21.87138889065392,A,0
46.629140288819606,32.876025080532834,5.994330086130828,A,0
43.8659733645906,32.503328606906045,13.097374299417408,B,0
46.975303135118715,30.2488684359048,60.59969672710255,A,0
46.118231814587716,30.03531579314088,84.94464062257356,A,0
51.70416222375488,26.698394302632764,4.499682123542437,A,0
51.60573981049865,33.49414210101267,73.41512590416463,A,0
50.03046020153415,32.104864721946946,34.13186459500521,A,0
54.369381697463496,32.46009423996399,47.85283699195225,B,0
61.906462747863415,27.369825786662098,92.88595498455656,A,0
59.495541354413234,19.23328540064378,33.19715047358455,A,0
35.151020315500965,35.485763558768475,46.5336933939486,A,0
24.46078865098045,27.605812719957978,1.3682414760681105,B,0
59.34319911239274,25.686121179784397,8.159872000483837,A,0
36.33121301584579,33.46739455956997,25.859159113478402,A,0
47.75234598107316,28.03993680040435,2.7852240821074403,A,0
38.298869739406406,35.29968192023311,63.1375326048251,A,0
31.9801956241998,33.08502974788349,42.63983568016225,A,0
55.41462728204788,33.417846616002386,54.814520272802206,A,0
57.59155160302647,23.170221443997328,17.464718589632955,A,0
44.2348959927328,36.059719926932004,29.593202943661613,A,0
24.089577078550903,31.30625265616928,66.38244748527251,A,0
44.53755551747517,28.153614303768983,96.53027236303998,A,0
53.91804005402547,30.716942336711256,5.04167736022092,A,0
35.21088431225871,21.1188238355084,89.03843208552661,B,0
51.83359919779156,32.043264057403356,57.68812013112085,C,0
49.846901508270044,24.853142459089643,56.39195667556237,C,0
70.7929149960109,18.23664857078233,50.027853520776034,B,1
51.19580368414153,22.388204068910547,6.9394085904183385,B,0
40.26931059118444,35.563441874949625,8.987685173616066,B,0
61.965715016644914,26.853683031536058,60.09120056590861,A,0
48.4147042697303,37.6686385495825,34.09585714355583,B,0
49.72695460490068,27.32099268473851,91.72680665776807,A,0
40.667320409268044,21.463210212035264,40.659053735947225,A,0
45.567177488084894,24.417377800256705,14.328145870264109,B,0
41.15197285973099,36.179058100034695,71.4718833502036,A,0
48.27053940076577,29.220509110316662,29.335342144100984,A,0
67.11708480142343,27.258563517546996,52.54703073558932,C,0
36.28098857068643,30.80009112926394,69.783278550517,A,0
33.86438602123259,32.50891368083772,90.02641112020704,A,0
64.71170327493608,35.5869940795123,79.2191194801676,C,0
47.90676322848134,37.24249614946463,67.63610678727241,B,0
43.309272613400836,28.20115677105457,67.96331823951436,A,0
60.39904687396076,23.36976156958981,94.59246440320865,A,0
43.94384460263136,27.93267419438362,29.582409749653603,A,0
68.26009713546937,31.30140253291443,0.11120941961874076,B,0
56.77925871339269,25.181205368946944,27.19545593981987,A,0
45.120885918542974,25.214245425524787,21.7891379626744,A,0
71.57308213265503,31.718939407749428,66.18345851139982,A,0
43.94285076996662,29.756738242147744,63.3711599765529,A,0
57.42095372009307,30.163984977057932,59.34613827047238,C,0
52.99292580406492,26.207523326499654,1.62434432094537,A,0
63.01741289398798,28.847996428971165,72.87780544506475,B,0
65.61511196726853,25.378834278658477,32.353041248549154,A,0
50.320041490657665,34.450992055623935,66.50559890066312,B,0
42.46582129653817,35.17624667361876,55.65784285021533,C,0
54.59972142939117,20.76906068880953,34.27309254279072,A,0
43.22284630247894,25.35244569903795,13.457626710410775,A,0
70.13387247526623,22.517353724549604,9.441889766048096,A,0
51.36535331082737,26.74988032796551,83.15183331122236,B,0
46.34678448687891,29.582810151048196,91.8397542081558,A,0
51.84680305864909,22.75177390150735,64.97880467642996,B,0
36.52873710470303,25.390700934373434,10.343411486048337,B,0
40.28385961489349,24.980213139592507,40.20272168882407,B,0
62.00413907944426,31.03633664699472,72.89392001051573,B,0
43.43105721028604,30.34672168518125,77.9820884010068,A,0
39.5308901731806,26.391312233313734,11.82186222910886,A,0
55.36652752527286,30.88410436069699,0.003071884538241587,A,0
61.85704154662997,27.266599577063673,71.2137045880605,C,0
57.18953310665067,28.641724448369732,35.659617598620564,B,0
59.960476858058165,38.36726045149268,25.448133161826025,B,0
42.43204911430539,36.70230525895174,1.289746978952544,A,0
35.78189333258156,23.502093815362013,54.02994067614997,A,0
65.01333651955487,34.14866208939587,85.11507354259817,B,0
46.77320161157864,34.05698277245796,95.76316462725879,A,0
47.49166983544953,24.25868355623691,56.574495061328925,A,0
63.281941418490575,34.0938882187743,51.44613277398942,B,0
55.5623000940066,37.68965959206277,8.50563854892411,A,0
54.55887772081608,24.38727596877793,54.887280154259976,A,0
71.65002344901083,25.412485894928682,37.99790789653946,A,0
43.564817696198574,35.08830733421751,60.71352808835769,A,0
59.278401280812375,31.35747655412824,38.87263478765467,C,0
50.570131248970846,32.757381376197614,24.029912345036674,A,0
52.68592278863257,31.702946082002484,9.49652752283765,A,0
65.28468426412532,31.95347960464072,31.491844458889574,A,0
55.07835756289624,23.367639358444585,9.664483428775227,B,0
55.38296079049633,35.23658853310724,17.689695082398394,A,0
60.72507337309802,35.84794996213887,98.73361585795459,A,0
46.350472704571146,28.85304627965986,44.41035569066186,A,0
41.607903326609936,29.78261525093069,53.187176650501655,A,0
39.55190805978967,22.34446248722139,87.36185287372153,A,0
30.33643410623998,32.57127378008917,99.55689004906878,B,0
70.56207129940321,32.86028720857072,58.27144493446815,B,0
38.96791634278317,29.689044915003446,81.24738210441717,A,0
47.78746376414228,35.621766799352514,32.694102433667524,A,0
47.23186700111079,28.329613845100297,30.57439574472911,C,0
53.07406697809101,32.823029629468,40.27037209945602,A,0
58.15737212539297,24.901678306539424,67.25072626736491,B,0
58.60473488359745,29.88223924562881,68.21916892550988,A,0
44.16922561431062,29.12822871048582,31.52394346494508,C,0
48.32878286213589,31.12653961020471,13.320992413662868,B,0
52.825799504882994,28.152365355833208,63.239625646550856,C,0
47.51308873816453,29.34263702164166,12.832586218876452,B,0
66.07345576019992,34.13023585720753,57.84925082293301,A,0
54.90974951638251,27.81617881380891,69.3422128056309,C,0
57.348777860498174,21.967114496306603,70.06114963944516,A,0
56.628812686674124,38.7479195210271,75.34721106595967,A,0
76.73473857485325,31.907270393452436,87.28594215656645,B,1
51.81021558703707,23.538686524471906,49.995899196478845,B,0
37.03168052044153,33.44853902622597,73.02491895295712,C,0
53.996879517526416,27.485126147243285,61.91727353658367,A,0
43.48643106208171,31.317436076655298,18.663993979768257,B,0
44.713833182502434,31.47112064506747,2.568964486940817,B,0
55.863640187550935,28.82796099841839,28.454138567693377,A,0
62.38283071433636,26.081171672068017,44.30337063376194,A,0
50.21271576736061,26.547294738418703,61.71059444286563,A,0
53.088330125989636,25.41904042259379,84.99593305032053,A,0
67.02214944635239,25.840888958847778,19.624571670616564,C,0
52.407531794885685,29.664108549753223,12.55497898984771,B,0
76.01683114180395,26.421200054446242,96.34799474743275,B,0
55.65509645631544,33.4102603285631,10.80445593764071,C,0
47.39237240844182,32.436230776679636,47.84910701071892,A,1
57.53341621104533,27.099733793149785,58.55637287933019,B,0
53.81158384882778,31.197022502676884,54.137442090743825,A,0
77.89752754082745,27.49842555151467,8.603215703294321,B,1
56.73181351269958,32.360011354596374,5.702691400361937,A,0
48.615440160162265,30.379776339580438,10.548342746103568,C,0
37.757017637106344,33.71341209179861,58.55876838726125,A,0
47.90976742713975,32.41124476340329,54.43448876343211,A,0
41.494795457907,23.81168788836351,23.374079203674427,B,0
44.19476550195277,34.345780321946364,63.777414184559156,A,0
55.8857840442061,34.43645418633371,82.00675020556494,B,0
66.69904504351406,26.183569479107092,4.157895984659376,A,0
53.94671529822981,30.18968917723801,49.81299435480424,B,0
38.04116937964815,33.416644964055344,68.93104121026903,A,0
54.446026682201406,28.953430902103193,25.23119270696871,A,0
61.966314866456514,35.36489023883006,30.77709052931491,A,0
43.90217095680618,41.8193624730968,61.36379029893838,A,0
48.65982833327082,26.070069836825088,89.7935293443737,A,0
50.14688194729197,23.094776984231125,80.99244203028994,A,0
42.151016869177596,31.51909297802438,58.31302190995835,A,0
56.48280433843859,33.60781252563072,73.02217177572491,A,0
48.79051851392219,28.845668130776154,36.482247020779866,A,0
54.195324439070276,37.266303316605175,64.09655280987577,B,0
41.125078221978995,23.306971001383758,46.6181591127557,A,0
45.62541699676589,33.46459311515805,18.993613645756092,A,0
57.22381357827771,26.970695896205534,70.17382738772572,B,0
46.27166847908233,38.59688953103648,55.646463734882204,A,0
67.26963851233405,39.962576765840595,35.86215819535914,B,0
46.003638143853976,26.16671706108326,91.13391900786307,A,0
52.24684725751886,27.2522143204571,2.0934117826733267,A,0
74.3259083187309,29.297939434899007,31.5773151249496,A,1
35.816342670669684,28.064346751052426,5.688139777764656,B,0
32.39191188019224,29.77294391033881,76.65273162216272,B,0
34.74343685429905,30.12694210271205,70.21074541137926,A,0
62.62584103427182,20.40163421901172,33.13522187363171,A,0
44.481418541075534,29.930811269528814,67.5662902207073,C,0
75.58199285668252,26.55136112967913,39.593722619594985,A,0
44.357524013426115,27.53438588800114,75.62537914224343,A,0
51.84551303197037,37.21816001734407,45.41836627367061,C,0
65.42109952567876,23.717465528603718,41.22797278316656,B,0
70.06092888159122,34.06602593373989,93.4729915488301,A,0
70.61503576636397,28.605185348340957,25.087909989070024,B,0
77.08366230593143,23.601199157520828,12.044733999656543,B,1
60.240625258114626,33.951859480258555,58.45431132594582,A,0
55.92526949201183,31.70025647284445,96.93218122841789,A,0
57.78361076166638,32.85306498609766,37.783921372718666,A,0
44.488142836714665,34.84092330266431,6.203676362878152,C,0
41.81801116577693,28.343458084083387,33.93052673095674,B,0
49.96625542589048,26.938816327461247,50.593165431955846,A,0
48.298153774750716,24.574247367211008,16.19230066322137,B,0
45.46771950672725,25.872947350105225,65.8102218056492,A,0
56.963874474567156,44.745472126543625,99.77493890102006,A,0
59.553052085705104,36.22339790368393,45.17394759814438,A,0
50.884068862918475,23.244628168959892,35.472855673021265,A,0
64.77530081055262,23.38771021628215,40.070416683446666,B,0
38.58310885866495,32.40933030859246,11.514617839520113,A,0
48.06340540720282,32.736323986889836,88.32736014262238,B,0
42.831776793971954,32.744419176586824,41.4825655521352,A,0
31.3346338292694,28.72522103223151,38.72744114248413,A,0
49.17319314157301,29.372728699985498,65.96902729304743,C,0
48.78252491616716,31.639397620796785,44.203342093112354,A,0
65.13449743242131,30.429465031466652,64.8233468807846,A,0
56.30811684554777,18.903498136262325,6.144629013078751,A,0
39.758131756707954,28.85100184712403,81.37233437222274,B,0
68.54092566334188,25.742967828698433,94.05039528794026,A,0
62.21033695525353,30.87605709454256,64.8765386159386,A,0
55.82097703468616,44.926295013017054,95.45659288588108,A,0
47.73515901150168,31.83740832737152,15.143231436996329,A,0
40.405607632765204,28.43235156913801,47.74161894803537,B,0
46.27793223928947,34.60900750988626,60.180673394544726,A,0
60.88748619704186,32.41343943604606,58.17366474211867,A,0
68.84586305934609,32.100472452259204,40.14617790890432,A,0
65.43243528272188,33.034252966078355,33.80844093662614,A,0
45.11150578213726,40.28271782414771,12.68240225504188,C,0
38.80382566710989,24.34555782337042,39.17424505622782,A,0
51.40886246911204,32.36816038405727,16.266081510548513,C,0
32.31560634437149,25.368094350092306,73.43656764922184,A,0
53.23167714184781,32.77756323171124,20.883093549458998,A,0
48.52397413701331,25.40656744256953,5.856530528453385,B,0
45.33963498131758,27.91316593197458,55.236613781723435,A,0
34.05296932733204,28.524550428810468,59.52297327194016,B,0
55.136001065697165,34.87908359672355,87.19130612805056,C,0
44.672991603380886,34.59227221971207,57.69816124176819,A,0
38.30083164289712,23.771413117768077,34.54808537234457,A,0
21.277377867183507,30.274670554999243,80.30118815263205,B,0
49.724850949493636,26.452100726254137,54.027889318742105,A,0
67.72251596669744,23.707475446623327,7.928028463119174,A,0
66.6125921454787,28.914914747878147,56.58505603132467,A,0
45.429037434137285,28.457586057720903,90.80185454216624,A,0
43.97787939638219,42.13358243172761,39.631262549822054,B,0
54.68774256075024,32.16479912680348,29.632580189980008,A,0
40.016145608117085,23.111912496228815,14.346945701802005,A,0
53.01791899819466,27.176129979145287,15.144552193535732,B,0
57.660802783846904,35.106916477146996,43.27714843418189,A,0
62.26933223884308,40.442213864349625,59.56798241615295,A,0
48.99845923520047,22.070083438810208,8.061540516960175,B,0
47.96326249823034,20.600378074304775,93.95685890251657,A,0
41.22017413243439,39.35482587685891,75.51336174451959,B,0
41.7311964596014,31.94807088685452,58.66239182836627,B,0
47.73521108098473,25.65853634061817,82.84386709389908,A,0
53.67365506816178,32.67314543061217,8.01867568121133,A,0
59.13584626233249,16.82126130491561,47.68388777331244,A,0
41.96821049319655,30.016877532985806,63.00931268616634,A,0
64.92688568959522,31.639105864215427,82.86529061182893,B,0
47.28876398957431,34.62135069768915,78.34695600492677,B,0
49.78632705651564,24.930520238537312,27.706924971339962,A,0
42.527883208521764,30.428435807016797,94.08801695592042,B,0
25.757597397270583,25.37287686970206,12.434584143087035,C,0
58.8404539636105,31.276918778371584,87.51336186211522,C,0
57.36843897092433,25.52326838818488,97.09402496046185,A,0
47.18672442881787,27.959495804198898,17.715352322262557,A,0
50.66990717224872,25.020923026048855,72.20660642037853,A,0
55.15939217704099,33.255681209118286,4.028551877799846,C,0
34.374541431134574,34.29225558328333,40.542282513915495,A,0
44.70947322653705,28.826897150212933,51.6283299197674,A,0
57.94264679621827,30.191189974800142,58.064522590963406,A,0
37.45710576830751,22.75704292683228,93.59372482485595,A,0
52.935579321666296,28.501616759966065,67.22506872941946,A,0
36.43418195376595,29.748976914791275,48.1277951219237,C,0
54.66429982433527,43.103965455149876,80.96750362658894,A,0
49.643585177025166,24.440164871129184,95.05328209544089,A,0
33.848681840944906,37.320886193762185,2.2066148682290843,A,0
61.64739354457171,34.98429386732904,98.25212722560387,A,0
42.65408423201951,31.403182022450682,8.613213906368033,A,0
41.89747562985619,38.79310242097567,81.43867792687614,A,0
52.00569197230943,31.860527363034315,28.033475255141248,A,0
61.48637349428715,31.945795978339643,13.217965775387174,A,0
39.841781810216034,29.734396734912274,43.98556397138349,A,0
50.61679849847972,36.117844412093135,64.39565794476135,A,0
54.28816500330573,35.482346169054416,38.0951845023475,C,0
56.93105607263144,26.871613562518938,5.456540828269896,C,0
51.76441555277225,23.40376402700616,59.94611396587166,A,0
46.329721609166775,28.985096813021716,90.24032761106747,A,0
41.724097793512804,25.999807178011768,38.32153659472517,C,0
50.86143883046375,29.682377126923225,21.633277763082702,A,0
54.27860988014393,31.187190673420695,44.25773459328154,B,1
20.78649516505393,27.71349172456605,4.836271104878087,C,0
54.365598041576675,29.785883093442127,82.04875844802748,A,0
59.039348410861955,30.290113674041976,82.63408109501867,A,0
26.370675644581617,34.24215441102642,58.800046342962844,C,0
39.90269295290062,18.765553330076976,35.31028889383895,A,0
56.191542610051975,26.966498526173517,79.97833644457833,A,0
70.574954697117,31.056418461397364,55.46870247883672,A,0
50.20793707675408,36.00039478213431,82.59323085500162,A,0
42.71997058770866,27.540487762468974,63.14587925830206,B,0
48.1710355889516,20.61723646979063,78.44054732127972,B,0
63.74876419148185,33.09855722983068,59.856299321776,C,0
43.54035820875465,26.823188055871853,41.41410682156662,A,0
42.00807993349746,24.051666704548193,95.79458599261376,A,0
45.17256477817968,26.87827305143388,54.11138248788448,A,0
40.466713917412875,29.07737321172075,60.50895185405384,A,0
51.22670315994795,26.976276677308938,22.048763941474924,A,0
66.2467845846956,18.972169714504652,62.565078942727645,C,0
53.23079273116029,34.48533098443566,57.160764948294386,B,0
47.47646497873713,36.37437520639361,18.483839794702494,A,0
47.08188731084456,33.25760995669753,5.958709735314372,B,0
34.36809191303343,24.311571647875915,60.43593197147711,A,0
58.83109777147159,28.99254233026241,76.36922693503206,A,0
49.22162802987198,29.96739342385271,52.34013709220082,B,0
48.19520086409374,32.99397194780955,22.67726253196457,A,0
81.93107567844861,33.34170244359041,66.65219766930349,C,0
52.98752908365686,26.32913100610752,8.010572660960225,B,0
42.48208949904816,30.409977782067802,44.183370480195464,A,0
45.736424037944566,32.28640202307621,16.33667583984202,B,0
61.48445709196755,37.279111610733835,18.445905105988338,A,0
51.13270410537764,33.522532699123616,20.229394915820365,A,0
35.61722021682633,33.945283436877595,38.67070570439779,A,0
59.19228934575204,30.419133139646803,5.115020562039763,A,0
58.31855914461006,32.05229572601752,39.77934409290982,B,1
68.73297776217545,32.04881397979749,51.170744711470086,A,0
60.80048065714649,25.694560449132148,48.329428496632524,B,0
45.52678104341249,37.01684985062595,38.27841004030405,A,0
77.81016361735112,28.48951636269514,83.91466080707525,A,1
50.678555105274036,27.784779894357587,14.53266924205041,B,0
58.52773675122219,27.602535163003783,50.5696743781374,A,0
54.84732817294475,31.48287772570381,6.20414169565543,A,0
41.536433450091266,32.31592397633792,7.1155678877909745,A,0
43.56450167682538,30.986461328156032,57.38658496770963,A,0
60.29960817581161,31.556543367214424,56.6018424887821,A,0
46.65224667893459,38.4997868728819,87.8033512844457,B,0
45.96351536758003,35.35771576117443,55.78736756600732,A,0
40.44877420650647,30.95317795632512,95.97910204048502,A,0
54.235990655934614,34.70655290383742,4.869484839992976,C,0
70.62524919243145,24.837380482362303,9.800768478074106,A,0
39.32467085745727,31.989635249734043,4.40658615703814,B,0
50.24219456672758,39.04653174866555,18.527685033354004,A,0
64.12220555415429,28.90977052303813,54.12701109416781,A,0
49.203586087542845,25.761830356904575,64.5572181427428,B,0
54.52371796249734,26.7395555570347,4.55851579486688,A,0
39.376064718531204,24.55183481328806,94.59708898455993,B,0
54.28307097207649,26.076190459361484,84.2165376650381,A,0
48.12855734995451,28.147459507049856,29.661248215709314,A,0
59.85729995679863,22.97216490410679,7.718753022646796,A,0
61.87386051564751,30.078091669748016,16.98870732190573,A,0
75.89563642018614,34.51138586893324,12.694441375497266,B,0
55.796331732135755,25.4612190992654,12.328377929894685,A,0
53.257963165821664,37.59641961820884,51.85616886657339,C,0
51.94384301577336,32.55396044263797,24.58474424934003,C,0
46.46833707189312,35.152902928120284,35.81397165291445,A,0
53.38483843461691,26.710827230739316,98.95053333843225,A,0
47.04598589860971,34.27262613533308,68.43142489253448,B,0
51.68460976269614,24.540330498023437,94.89806670470014,C,0
63.1759753560796,34.451237504182544,14.255655503311559,A,0
39.934574347203586,30.859196698967658,38.21394748325693,A,0
61.39878561129045,32.76625609992392,55.47318032823543,A,0
63.17115067339866,24.12202697187574,7.675806188873802,B,0
48.81931473008921,25.524650788616977,0.41874436279578653,A,0
28.781451009914054,32.98614109126692,67.04343337969175,B,0
43.921780129055676,25.258259978878996,64.18195168014353,A,0
62.96994546561109,32.316031460495616,41.07888099996118,A,0
49.77131937701118,23.16431096769877,48.96440760320326,A,0
40.00697767705089,34.240871063333344,41.54430005920896,A,0
44.95225078771782,23.837383426157455,2.4005044844888856,A,0
58.40620026504553,32.76149968839761,33.537160621746246,A,0
55.4673356820138,33.12815466823,17.708225539728982,A,0
47.61067900830306,26.516140907852126,9.842418910136875,A,0
46.33175588185313,32.91013283542363,95.67204338893498,A,0
46.08241850956178,31.30221131666778,59.935972504216565,C,0
40.77589815501497,27.30579071903631,72.86562842366027,A,0
66.15375689469442,24.95722657961896,31.53637432661175,A,0
46.7767953078866,20.186871541637103,39.31471294940152,A,0
62.17158520825497,31.748250236498468,23.692399389672346,C,0
65.21316051922452,22.175986143189725,9.696567096542474,A,0
59.9831089814796,30.47672099720654,17.90316374415838,B,0
45.683796872819514,28.682758919588753,79.75140452964858,B,0
54.037300903366095,33.39571387719098,67.75458051837758,B,0
49.758043936090836,28.48977250255068,54.69288759854769,A,0
40.96298139269872,28.35276106826454,47.508987286676806,B,0
53.24359281721603,33.659353521441474,92.24342836561244,A,0
38.20960208840198,31.675290145420586,7.273494777866841,A,0
61.87679388461564,31.58077978591389,28.060081323791596,B,0
45.35382702701607,32.346337949042635,34.9937853570714,A,0
52.01159655872839,22.32213938396447,78.24258122127878,B,0
52.83287871546142,33.78394339993491,99.25146201619714,A,0
47.410950262959226,33.062343970068014,24.067051475715306,B,0
55.86693801475275,24.916584357117515,87.43073341370805,A,0
45.25096343377476,28.779597631628995,83.06227604317912,A,0
58.71297297457244,29.803463561861843,22.46573976417666,A,0
36.54020319753251,29.327516077991337,39.933258019922256,C,0
51.26379579546412,31.669299832842672,40.96728692925191,A,0
69.38928999058285,37.15683390915592,97.82206685265584,A,0
39.99668675394425,35.40883363836414,18.089190137889833,A,0
43.222550294751485,23.43890403284297,79.91579711047821,B,0
55.13907849658915,33.110349951530246,33.419271417310995,A,0
51.79581781939598,36.644666597677045,73.08703457761604,A,0
53.50630099273559,31.934042603446013,42.001100429566286,A,0
54.891871301476634,35.454902125929834,57.835976311654,A,0
56.3472146856177,40.06135222850382,83.26117733261312,A,0
61.09699841956223,35.11854773053491,80.41655649838842,A,0
54.098186569285126,31.246542978208645,86.64231835397001,B,0
47.58742345381457,35.225442370423764,5.961732534465902,A,0
56.72573701202731,30.724439165484455,69.20505530397449,A,0
68.99881934895215,30.119515216424777,13.998737672176286,A,0
48.67366253617426,28.242928821431338,41.5818568018411,C,0
40.254706953293585,37.81706679416054,54.858841505468845,C,0
61.07080669286972,25.907856670289995,40.273948474683074,B,0
48.796188360464015,37.66183862339058,51.961167580300746,A,0
43.27330453985964,27.49932061870186,99.65263087986192,A,1
58.47421677150422,23.003469125990293,13.521731371285473,A,0
44.64671814046077,31.83824646495711,67.54560453364256,A,0
49.094667176958396,19.49986746174188,39.600096638561524,A,0
53.319803305690144,33.12754008415518,13.300979890732878,B,0
51.904996797790666,34.42615741494495,15.873676337430954,B,0
57.0945181713904,27.03822022173973,94.92731062456168,B,0
45.645136294301565,30.617738479777913,87.9601496711762,A,0
55.131057981760826,39.77078716875143,90.70419604150219,B,0
47.40453322416083,27.471266478690318,99.15327758273865,A,0
57.38810480887503,24.705462064716997,20.831539000851794,A,0
56.153674840130535,37.40831701231299,35.543933736406174,B,0
40.645612979554045,39.81293595265397,66.92190299248666,A,0
60.85982116175032,30.018478359239236,48.38025398606472,A,0
44.64036554885952,35.05731517704178,41.83895333783335,A,0
58.08057798281145,36.70737957765441,35.781124933559305,B,0
53.67287313401341,26.28757883730808,59.37806319434522,B,0
68.38183676795123,27.57347082316066,57.5593428640082,A,0
47.76534017628148,36.15437256577368,16.14578340642401,B,0
46.506832038818025,38.425071393542545,47.173983751843906,A,0
49.805803941122676,32.81440430087177,55.347177620984986,A,0
46.968202171657246,25.60092823248973,57.02869387313905,B,0
57.9994190194205,39.935305558497205,21.01071929123518,B,0
33.83689391563412,27.345145510940178,74.22713922522868,C,0
39.46317580853646,28.32431109414274,2.5199094821069634,A,0
39.32197078420807,31.711689172448107,35.483185554316265,B,0
59.50307591973576,37.77080210357387,78.02126485356335,B,0
67.10613372581925,34.26987988276112,56.389292105540235,C,0
48.955507814625285,32.07432750180955,26.116243251086026,A,0
48.311782768099896,32.31644265059053,69.49531193430477,B,0
50.700521631131814,30.21757334321733,56.73909441560734,A,0
61.61878302608191,32.790697572592535,79.62436094563871,A,0
40.72646865809426,17.352199611528484,73.50251861898234,A,0
52.38368982734785,28.516962704651007,61.01079220362347,A,0
59.7519762978243,31.206609674583905,48.8177675310814,A,0
55.01094169939845,24.244929581902465,13.31821256675234,B,0
51.89581616598743,31.9316165890578,26.133301788538375,A,0
60.01046092567141,28.97764389506939,41.90994729170853,B,0
22.96767707000763,38.77737849157745,59.92992870063887,A,0
56.77875319530908,37.865098626074285,51.37078552153048,A,0
43.45924316872576,27.670972154409185,28.818452595952948,A,0
31.693671031435432,29.245811442166524,0.6464357789710551,A,0
55.11202599524981,29.630262171958037,49.623922190081394,A,0
63.73658545162958,27.741702619201888,28.56259885622431,A,0
48.62551485372308,30.975124920140633,73.46083007105351,A,0
59.528745472029385,26.20858965556205,2.394626527048349,A,0
66.12278257988646,24.346923325312368,58.482781130579085,A,0
63.14914453584048,33.11355611950134,94.14742375060654,A,0
66.39964529371393,33.147647921109055,17.440926711149952,A,0
57.42127491071892,25.978421201700037,47.16494907505954,C,0
50.754336389015926,34.476777153812996,9.142199181713817,B,0
33.980341881028316,26.842111354173344,62.56819122613526,B,0
47.53937511870051,31.265826190189905,55.05316805962256,A,0
41.567534046838084,34.10172006306228,40.736552421283236,B,0
71.70942717497815,29.831937176481436,52.13770214737412,B,0
48.24114187567663,32.273704560705674,89.65746584690102,B,0
51.23204806784486,27.417851780562142,19.629430231106703,A,0
55.51485376040468,29.017667082859514,2.2564511705347234,B,0
50.436024463724536,28.970702845598296,86.16648846991009,B,0
66.95051040430752,26.267108267298806,57.71170823879065,A,0
43.77350638265548,29.11612918442109,89.06584554618424,B,0
51.94607455237243,22.256908505681267,59.69452234131726,A,0
42.57529414301952,27.544231264289476,81.01610899597024,A,0
36.79977488779294,28.575622533151645,42.967336335514794,A,0
43.882309090947146,28.7191012375231,74.98599312882688,B,0
49.62963202951588,28.792512770646105,91.3041466889856,A,0
60.7069777548274,24.691179000699357,57.21229637222063,A,1
43.07579020126144,32.39720759043032,18.078515056237954,A,0
